EDT,Max TemperatureF,Mean TemperatureF,Min TemperatureF,Max Dew PointF,MeanDew PointF,Min DewpointF,Max Humidity, Mean Humidity, Min Humidity, Max Sea Level PressureIn, Mean Sea Level PressureIn, Min Sea Level PressureIn, Max VisibilityMiles, Mean VisibilityMiles, Min VisibilityMiles, Max Wind SpeedMPH, Mean Wind SpeedMPH, Max Gust SpeedMPH,PrecipitationIn, CloudCover, Events, WindDirDegrees
2012-3-10,56,40,24,24,20,16,74,50,26,30.53,30.45,30.34,10,10,10,13,6,17,0.00,0,,138
2012-3-11,67,49,30,43,31,24,78,53,28,30.37,30.27,30.13,10,10,10,22,7,32,T,1,Rain,163
2012-3-12,71,62,53,59,55,43,90,76,61,30.13,29.99,29.88,10,10,6,24,14,36,0.03,6,Rain,190
2012-3-13,76,63,50,57,53,47,93,66,38,30.12,30.06,29.97,10,10,4,16,5,24,0.00,0,,242
2012-3-14,80,62,44,58,52,43,93,68,42,30.15,30.10,30.04,10,10,10,16,6,22,0.00,0,,202
2012-3-15,79,69,58,61,58,53,90,69,48,30.13,30.08,30.02,10,10,10,31,10,41,0.04,3,Rain-Thunderstorm,209
2012-3-16,75,64,52,57,54,51,100,75,49,30.14,30.10,30.07,10,10,10,14,5,20,T,2,,169
2012-3-17,78,62,46,60,54,46,100,78,56,30.15,30.11,30.04,10,5,0,12,5,17,T,3,Fog-Thunderstorm,162
2012-3-18,80,70,59,61,58,57,93,69,45,30.14,30.07,30.02,10,10,9,18,8,25,T,2,Rain,197
2012-3-19,84,72,59,58,56,50,90,66,42,30.09,30.03,29.98,10,10,10,17,6,23,0.00,1,,165
2012-3-20,84,71,58,56,54,50,78,58,37,30.09,30.04,29.99,10,10,10,17,5,24,0.00,0,,154
2012-3-21,84,71,57,56,54,52,84,58,32,30.14,30.07,30.02,10,10,10,17,6,23,0.00,1,,152
2012-3-22,81,69,57,63,57,51,87,65,42,30.11,30.07,30.01,10,10,2,31,4,41,0.14,3,Rain,159
2012-3-23,73,64,55,61,58,54,97,79,61,30.03,29.90,29.76,10,9,2,21,6,24,0.86,7,Rain-Thunderstorm,129
2012-3-24,65,56,46,54,49,43,100,80,48,29.88,29.83,29.79,10,8,0,12,5,14,0.06,5,Fog-Rain,222
2012-3-25,69,61,52,55,53,51,100,82,63,30.05,29.96,29.88,10,8,4,14,5,20,0.00,6,,353
2012-3-26,63,54,44,52,38,30,96,64,32,30.26,30.18,30.05,10,10,9,17,9,22,0.00,2,,48
2012-3-27,70,54,38,42,32,25,64,46,27,30.26,30.15,29.98,10,10,10,15,8,20,0.00,0,,140
2012-3-28,77,64,51,56,46,33,73,47,21,29.97,29.93,29.90,10,10,10,20,9,25,T,2,Thunderstorm,269
2012-3-29,69,58,46,45,39,35,76,55,34,30.08,30.00,29.94,10,10,10,14,6,17,T,2,Rain,84
2012-3-30,81,66,51,61,50,42,78,59,39,29.93,29.79,29.66,10,10,10,25,11,37,0.01,4,Rain-Thunderstorm,182
2012-3-31,66,58,49,54,47,44,93,71,48,29.91,29.87,29.80,10,8,4,13,6,16,0.00,4,,28
2012-4-1,79,64,48,62,52,44,96,75,54,29.89,29.78,29.65,10,6,1,24,7,31,0.51,4,Rain-Thunderstorm,169
2012-4-2,68,62,55,60,51,45,97,73,48,29.90,29.81,29.66,10,9,5,16,9,21,0.01,3,,109
2012-4-3,84,69,53,60,51,41,66,53,40,29.92,29.85,29.78,10,10,10,14,6,18,0.00,0,,188
2012-4-4,68,62,55,59,54,42,90,74,57,29.82,29.79,29.76,10,8,3,15,7,18,0.01,6,Rain-Thunderstorm,42
2012-4-5,61,53,44,43,35,30,92,64,36,30.01,29.87,29.77,10,9,2,20,12,28,0.69,3,Rain,66
2012-4-6,61,48,35,35,31,28,79,56,32,30.21,30.16,30.03,10,10,10,16,8,22,0.00,0,,55
2012-4-7,67,50,32,43,31,26,82,52,22,30.30,30.23,30.16,10,10,10,10,3,14,0.00,1,,131
2012-4-8,66,56,45,46,34,20,77,48,19,30.27,30.19,30.15,10,10,10,21,7,33,T,2,Rain,325
2012-4-9,67,55,43,36,26,18,58,37,16,30.14,30.03,29.96,10,10,10,23,10,32,0.00,0,,282
2012-4-10,54,44,34,29,23,15,59,41,22,30.10,30.05,29.99,10,10,10,21,7,33,0.00,0,,315
2012-4-11,55,41,27,29,25,22,85,59,32,30.26,30.21,30.13,10,10,10,16,5,22,0.00,1,,11
2012-4-12,61,45,28,34,28,24,92,59,26,30.31,30.23,30.15,10,10,10,12,2,16,0.00,0,,247
2012-4-13,64,48,32,40,33,28,89,59,28,30.22,30.18,30.10,10,10,10,17,5,22,T,2,,161
2012-4-14,67,59,50,59,52,38,100,76,51,30.10,30.03,29.91,10,5,1,18,7,25,1.45,7,Rain-Thunderstorm,176
2012-4-15,79,72,64,57,56,52,73,60,47,29.96,29.88,29.79,10,10,9,26,15,38,0.00,1,,196
2012-4-16,73,61,48,62,52,43,97,75,52,30.23,29.94,29.73,10,9,4,30,12,43,0.38,5,Rain,233
2012-4-17,66,53,40,47,43,39,100,71,42,30.37,30.29,30.25,10,8,2,10,2,15,0.00,0,,24
2012-4-18,71,54,37,45,40,36,100,66,31,30.27,30.17,30.05,10,9,2,10,2,13,0.00,0,,36
2012-4-19,76,59,42,48,42,40,100,64,27,30.06,29.98,29.85,10,10,9,15,5,20,T,0,Rain,172
2012-4-20,73,58,43,53,47,41,93,70,47,29.89,29.81,29.75,10,9,2,21,9,31,0.19,5,Rain,273
2012-4-21,54,47,40,41,39,37,96,78,59,29.98,29.94,29.89,10,9,2,16,6,22,0.00,6,,6
2012-4-22,57,48,38,40,34,28,100,68,35,29.97,29.92,29.89,10,9,4,22,8,26,0.00,5,,22
2012-4-23,60,48,35,31,25,20,64,44,23,29.96,29.90,29.82,10,10,10,26,8,35,0.00,1,,336
2012-4-24,64,50,35,47,34,26,83,55,27,29.84,29.78,29.74,10,10,10,15,6,21,T,4,Rain,271
2012-4-25,73,60,47,61,53,46,100,77,53,29.75,29.69,29.63,10,8,2,16,7,21,0.15,2,Rain-Thunderstorm,132
2012-4-26,75,59,43,59,50,29,90,68,46,30.05,29.78,29.56,10,10,7,22,12,29,0.00,0,,331
2012-4-27,63,50,36,30,25,21,64,43,21,30.22,30.13,30.03,10,10,10,16,9,22,T,0,Rain,69
2012-4-28,63,56,48,50,45,30,100,71,41,30.13,30.02,29.96,10,8,2,26,11,33,0.49,7,Rain-Thunderstorm,96
2012-4-29,68,57,46,56,48,40,93,78,63,30.17,30.10,30.04,10,9,5,14,8,17,0.00,4,Rain,97
2012-4-30,81,69,57,64,61,54,93,73,52,30.04,29.96,29.89,10,8,1,22,7,26,0.29,5,Rain-Thunderstorm,239
2012-5-1,79,69,59,70,63,57,100,90,79,30.03,29.96,29.84,10,6,0,26,6,44,0.86,6,Fog-Rain-Thunderstorm,189
2012-5-2,87,78,69,66,63,60,78,60,42,30.00,29.94,29.88,10,10,5,22,11,31,0.00,1,,217
2012-5-3,86,74,62,64,61,57,93,68,42,30.06,29.99,29.94,10,10,8,22,10,29,0.00,0,,201
2012-5-4,80,72,64,68,65,60,93,78,62,30.03,29.94,29.87,10,9,5,17,7,24,0.09,6,Rain-Thunderstorm,209
2012-5-5,86,74,62,67,64,62,100,74,48,29.97,29.91,29.87,10,6,0,9,2,14,0.00,3,Fog-Rain-Thunderstorm,144
2012-5-6,86,75,63,68,64,61,93,72,51,30.00,29.94,29.86,10,8,2,13,6,16,0.00,0,,136
2012-5-7,83,74,64,67,64,60,100,77,54,29.86,29.82,29.75,10,8,1,25,4,35,0.90,5,Rain-Thunderstorm,165
2012-5-8,74,65,55,64,56,44,97,68,38,29.91,29.86,29.81,10,8,5,15,5,20,T,4,Rain,314
2012-5-9,68,58,48,49,46,41,93,68,42,29.92,29.89,29.84,10,10,6,22,6,30,0.02,3,Rain,307
2012-5-10,70,56,41,46,41,37,96,64,31,30.04,29.98,29.92,10,10,7,13,3,18,0.00,1,,347
2012-5-11,75,59,42,52,44,39,96,64,31,30.17,30.13,30.05,10,10,9,9,3,13,0.00,0,,163
2012-5-12,73,62,51,54,49,43,96,65,33,30.24,30.19,30.16,10,10,10,8,2,10,0.00,1,,144
2012-5-13,73,64,55,58,55,49,93,69,44,30.17,30.10,30.03,10,10,9,18,6,24,0.00,4,,94
2012-5-14,79,68,57,57,55,51,90,65,40,30.08,30.03,29.97,10,10,10,13,5,20,0.00,4,,46
2012-5-15,81,65,49,54,45,35,93,57,20,30.02,29.98,29.93,10,10,8,10,2,17,0.00,0,,305
2012-5-16,79,67,54,56,49,41,83,60,37,30.03,29.96,29.93,10,10,10,15,6,18,0.00,0,,332
2012-5-17,75,62,49,44,40,37,77,51,25,30.12,30.07,30.04,10,10,10,16,6,21,0.00,0,,64
2012-5-18,82,64,45,58,50,41,86,63,39,30.09,30.04,29.99,10,10,10,10,3,14,0.00,0,,129
2012-5-19,87,72,56,63,58,53,86,61,36,30.10,30.06,30.02,10,10,10,10,3,12,0.00,0,,162
2012-5-20,88,74,60,64,60,54,97,67,36,30.13,30.06,29.99,10,9,6,21,3,29,0.07,1,Thunderstorm,161
2012-5-21,78,67,55,63,59,47,93,77,60,30.08,30.03,29.99,10,9,4,16,5,23,0.03,4,Rain-Thunderstorm,322
2012-5-22,76,63,49,54,49,46,96,69,41,30.02,29.96,29.88,10,10,10,10,4,15,0.00,2,,353
2012-5-23,80,64,47,57,52,46,93,65,36,29.91,29.87,29.81,10,10,9,13,3,22,0.00,0,,162
2012-5-24,86,73,60,60,55,51,90,61,32,29.89,29.82,29.75,10,9,4,20,9,28,0.00,0,,162
2012-5-25,87,78,69,70,66,57,84,70,55,30.04,29.97,29.84,10,10,10,13,7,17,0.00,2,,199
2012-5-26,91,78,64,67,65,63,93,67,41,30.12,30.07,30.02,10,9,5,14,3,17,0.00,0,,179
2012-5-27,92,80,67,68,65,62,93,66,38,30.04,30.00,29.94,10,10,10,14,5,18,0.00,0,,191
2012-5-28,92,80,67,68,66,63,84,61,38,29.96,29.88,29.81,10,10,8,17,6,21,0.00,0,,199
2012-5-29,80,70,59,68,65,58,100,77,54,29.90,29.84,29.77,10,10,7,21,4,30,0.14,4,Rain-Thunderstorm,213
2012-5-30,78,65,52,57,50,43,93,62,31,29.91,29.87,29.85,10,10,10,15,4,23,0.00,1,,301
2012-5-31,78,64,50,62,55,46,93,67,40,29.90,29.78,29.67,10,9,1,15,6,21,0.19,4,Rain-Thunderstorm,67
2012-6-1,62,56,50,59,53,47,100,84,67,29.88,29.74,29.63,10,6,1,17,7,23,0.01,7,Rain,289
2012-6-2,70,60,49,56,48,44,93,69,44,29.91,29.87,29.84,10,10,5,17,7,24,0.03,3,Rain,245
2012-6-3,81,67,52,57,53,50,96,67,37,29.91,29.86,29.82,10,10,10,16,4,22,0.00,1,,277
2012-6-4,68,62,56,63,59,54,100,84,68,29.89,29.84,29.78,10,8,1,9,2,23,0.13,4,Rain,323
2012-6-5,76,63,49,55,50,47,93,66,38,29.96,29.90,29.84,10,10,10,18,7,22,0.00,2,,37
2012-6-6,78,62,45,50,47,44,93,63,33,30.05,30.00,29.96,10,10,10,16,5,26,0.00,1,,38
2012-6-7,83,65,47,54,48,45,93,61,28,30.11,30.07,30.04,10,10,9,12,3,16,0.00,0,,33
2012-6-8,85,68,51,55,50,43,96,60,23,30.11,30.05,29.97,10,10,10,9,2,13,0.00,1,,261
2012-6-9,87,70,52,60,54,47,93,60,27,30.03,29.98,29.92,10,10,10,14,2,18,0.00,0,,184
2012-6-10,88,73,58,63,60,57,100,70,40,30.01,29.97,29.93,10,10,5,18,6,26,T,1,,157
2012-6-11,84,75,65,69,66,64,90,77,63,29.96,29.92,29.81,10,10,10,16,5,21,0.00,5,,186
2012-6-12,82,72,61,66,52,42,100,62,24,30.06,29.97,29.88,10,10,4,16,5,21,0.00,1,,314
2012-6-13,82,68,53,52,49,44,71,52,33,30.13,30.08,30.04,10,10,10,14,5,23,0.00,0,,58
2012-6-14,86,68,50,52,48,43,96,60,23,30.12,30.08,30.03,10,10,10,13,4,16,0.00,0,,131
2012-6-15,90,70,50,56,51,46,96,60,23,30.12,30.07,30.04,10,10,9,12,2,16,0.00,0,,130
2012-6-16,92,77,61,68,62,56,90,63,36,30.13,30.06,29.98,10,10,10,16,6,22,0.00,0,,202
2012-6-17,86,80,73,68,66,64,79,64,48,29.99,29.92,29.87,10,10,10,18,9,25,0.02,2,,222
2012-6-18,91,81,70,70,64,60,90,64,38,29.94,29.89,29.86,10,10,8,21,10,29,0.01,1,Rain-Thunderstorm,209
2012-6-19,93,81,68,65,62,59,78,56,34,30.07,30.02,29.95,10,10,10,18,8,25,0.00,0,,200
2012-6-20,93,79,64,64,61,56,87,59,30,30.13,30.06,29.99,10,10,10,15,7,21,0.00,0,,191
2012-6-21,92,79,65,66,62,57,87,60,32,30.02,29.97,29.89,10,10,10,20,7,25,0.00,2,,251
2012-6-22,88,74,60,66,59,51,100,65,30,29.99,29.96,29.91,10,6,0,14,4,18,0.00,1,Fog,350
2012-6-23,89,71,52,60,51,45,93,58,22,30.03,29.99,29.96,10,10,10,13,3,18,0.00,0,,76
2012-6-24,92,75,58,61,56,52,90,59,27,30.01,29.96,29.90,10,10,10,10,1,20,0.00,0,,261
2012-6-25,89,79,68,62,53,39,78,48,18,29.95,29.91,29.88,10,10,7,20,9,25,0.00,2,,34
2012-6-26,84,70,56,49,44,38,64,42,20,30.03,29.97,29.93,10,10,10,17,7,24,0.00,0,,76
2012-6-27,92,72,51,52,48,44,89,55,20,30.04,29.97,29.89,10,10,10,13,5,18,0.00,0,,188
2012-6-28,103,85,67,63,57,51,68,45,22,29.91,29.87,29.82,10,10,10,18,9,26,0.00,0,,246
2012-6-29,103,89,74,74,66,58,74,50,25,29.89,29.84,29.79,10,10,10,22,6,26,0.00,0,,268
2012-6-30,98,85,71,71,66,63,84,59,33,29.88,29.83,29.78,10,10,10,18,4,26,0.00,0,,107
2012-7-1,101,84,67,69,66,61,93,61,29,30.03,29.93,29.86,10,10,8,25,6,31,0.10,2,Thunderstorm,178
2012-7-2,98,82,65,70,65,62,100,67,33,30.03,29.98,29.92,10,9,4,14,3,18,0.00,1,Thunderstorm,242
2012-7-3,95,80,65,68,64,62,87,62,36,30.01,29.94,29.86,10,10,10,13,4,16,0.00,0,Thunderstorm,237
2012-7-4,101,87,73,71,67,64,84,58,31,29.95,29.91,29.87,10,10,10,13,5,18,0.00,1,,253
2012-7-5,103,87,70,71,65,58,90,57,23,29.97,29.93,29.89,10,10,10,13,3,20,0.00,0,,314
2012-7-6,104,87,69,72,67,63,97,62,27,29.98,29.95,29.89,10,10,10,13,2,17,0.00,1,,286
2012-7-7,106,89,72,77,70,56,91,55,19,29.97,29.94,29.89,10,9,2,31,3,46,0.36,3,Rain-Thunderstorm,133
2012-7-8,95,83,71,74,70,66,93,70,46,30.04,29.95,29.89,10,9,2,23,3,33,0.27,3,Rain-Thunderstorm,312
2012-7-9,90,78,66,68,64,60,97,69,40,30.02,29.99,29.95,10,10,10,13,4,,0.00,3,,73
2012-7-10,94,78,61,63,56,48,93,58,22,30.03,30.00,29.96,10,10,9,12,5,16,0.00,0,,35
2012-7-11,95,79,63,60,56,53,81,54,26,30.07,30.03,29.99,10,10,10,13,5,17,0.00,0,,66
2012-7-12,95,80,64,66,59,53,74,50,26,30.06,30.03,30.00,10,10,10,21,5,29,0.00,1,Thunderstorm,115
2012-7-13,89,76,63,68,66,63,100,71,41,30.11,30.06,30.00,10,10,8,13,5,18,0.00,2,,137
2012-7-14,83,77,70,73,70,67,93,79,65,30.14,30.08,30.02,10,10,4,13,4,16,0.16,5,Rain,211
2012-7-15,91,81,71,72,70,66,93,70,47,30.15,30.08,30.00,10,10,5,14,6,18,0.00,3,,226
2012-7-16,94,83,71,72,70,67,93,67,41,30.05,29.99,29.90,10,10,10,16,6,20,0.00,0,,246
2012-7-17,98,87,75,73,70,68,94,69,43,29.94,29.90,29.85,10,10,10,15,6,22,T,1,Thunderstorm,239
2012-7-18,100,87,74,73,70,65,87,61,35,29.95,29.91,29.86,10,10,10,18,5,23,0.00,1,Thunderstorm,193
2012-7-19,97,85,73,74,71,66,94,68,42,29.97,29.89,29.79,10,9,2,20,5,25,0.26,2,Rain-Thunderstorm,203
2012-7-20,84,76,68,72,69,62,93,78,62,30.04,29.95,29.84,10,8,2,17,7,21,0.00,6,,17
2012-7-21,91,73,55,64,57,51,100,64,27,30.11,30.06,30.02,10,8,2,15,4,20,0.00,0,,61
2012-7-22,95,78,60,65,61,59,100,66,32,30.14,30.09,30.04,10,10,10,13,3,22,0.00,0,,172
2012-7-23,98,83,67,72,67,61,90,63,35,30.10,30.04,29.96,10,10,10,17,8,24,0.00,0,,240
2012-7-24,99,88,77,72,70,66,74,55,35,29.96,29.91,29.85,10,10,10,15,7,22,0.00,0,,258
2012-7-25,101,88,74,72,68,65,84,59,33,29.91,29.83,29.74,10,10,10,13,7,25,0.00,0,,201
2012-7-26,94,86,77,72,69,64,69,55,41,29.78,29.75,29.71,10,10,10,18,9,24,T,1,Rain,255
2012-7-27,95,82,68,71,66,57,93,65,36,29.93,29.85,29.79,10,9,2,22,6,35,0.31,2,Rain-Thunderstorm,252
2012-7-28,87,76,64,65,61,58,93,65,37,30.06,30.03,29.95,10,10,10,15,5,18,0.00,1,,6
2012-7-29,88,72,56,63,59,50,100,65,29,30.10,30.04,29.98,10,10,8,9,2,16,0.00,0,,191
2012-7-30,91,77,63,65,62,60,93,66,38,30.00,29.94,29.89,10,10,7,12,4,22,0.00,1,,144
2012-7-31,93,79,64,66,64,59,100,70,39,29.95,29.90,29.85,10,10,6,24,4,35,0.00,1,Thunderstorm,338
2012-8-1,94,79,64,68,60,51,93,60,26,29.92,29.89,29.84,10,10,6,14,5,20,0.00,0,,23
2012-8-2,97,77,56,59,54,42,86,51,16,29.89,29.85,29.78,10,10,10,12,4,16,T,0,,144
2012-8-3,86,77,68,72,69,67,93,77,61,29.93,29.88,29.82,10,10,7,14,6,23,0.05,4,Rain,135
2012-8-4,96,84,72,75,72,66,100,74,47,29.95,29.91,29.84,10,8,0,20,9,26,0.00,4,Fog,176
2012-8-5,92,77,62,74,67,55,88,60,32,30.12,30.02,29.92,10,10,10,22,7,31,T,3,Rain,236
2012-8-6,90,75,59,61,57,54,93,61,29,30.14,30.08,29.99,10,10,10,12,2,15,0.00,0,,126
2012-8-7,97,77,57,61,53,41,93,54,15,30.01,29.97,29.91,10,10,10,10,2,16,0.00,0,,10
2012-8-8,98,80,62,70,58,54,84,54,24,29.98,29.94,29.87,10,10,7,16,6,21,0.06,1,Rain-Thunderstorm,269
2012-8-9,89,77,65,67,64,60,93,67,40,29.96,29.84,29.73,10,10,5,21,6,32,0.32,3,Rain-Thunderstorm,125
2012-8-10,78,70,62,67,61,51,100,75,49,29.93,29.81,29.72,10,8,2,21,6,29,0.01,6,Rain-Thunderstorm,319
2012-8-11,81,68,54,55,50,43,100,64,28,30.00,29.96,29.91,10,10,10,15,4,24,0.00,0,,314
2012-8-12,84,67,49,56,50,42,93,59,24,30.05,30.01,29.99,10,10,10,12,2,16,T,1,,248
2012-8-13,81,70,59,64,60,55,93,71,49,29.99,29.93,29.88,10,10,10,14,4,20,0.03,5,Rain,168
2012-8-14,77,69,60,65,61,57,93,72,50,29.96,29.92,29.86,10,10,6,12,4,15,0.00,7,,356
2012-8-15,87,71,54,60,56,53,100,66,31,30.00,29.96,29.92,10,9,4,12,2,15,0.00,2,,75
2012-8-16,87,72,57,66,62,55,93,68,43,29.99,29.91,29.81,10,7,0,39,8,53,1.85,4,Fog-Rain-Thunderstorm,110
2012-8-17,80,68,55,65,60,51,93,66,39,29.99,29.94,29.89,10,9,2,13,4,16,0.02,5,Rain,290
2012-8-18,80,65,50,55,49,41,100,64,27,30.01,29.96,29.91,10,10,9,10,2,16,0.00,0,,82
2012-8-19,82,67,51,56,50,42,96,62,28,29.95,29.92,29.89,10,10,10,14,3,21,0.00,1,,1
2012-8-20,82,67,51,59,52,46,100,65,30,29.99,29.95,29.92,10,10,9,13,3,20,0.01,2,Rain-Thunderstorm,332
2012-8-21,80,66,52,60,55,49,100,67,33,30.09,30.04,29.99,10,10,6,10,2,14,0.01,1,Rain,136
2012-8-22,85,69,52,57,52,46,100,64,27,30.14,30.10,30.05,10,8,0,10,2,14,0.00,0,Fog,114
2012-8-23,88,70,52,57,54,49,93,61,28,30.12,30.08,30.04,10,10,10,10,2,15,0.00,0,,151
2012-8-24,92,74,56,62,58,54,93,63,32,30.09,30.04,29.98,10,10,10,13,3,20,0.00,0,,145
2012-8-25,92,76,59,65,60,55,97,65,32,30.10,30.05,30.02,10,10,7,13,3,17,0.00,1,,146
2012-8-26,89,76,62,66,63,61,87,66,45,30.12,30.05,29.98,10,10,7,16,5,21,0.00,1,,197
2012-8-27,87,77,67,72,69,62,93,74,55,30.07,30.03,29.96,10,7,1,15,6,18,0.53,6,Rain,244
2012-8-28,86,72,58,61,58,54,97,66,35,30.09,30.05,30.00,10,10,6,15,5,21,0.00,0,,28
2012-8-29,87,72,56,62,58,55,93,65,37,30.08,30.03,29.98,10,10,6,13,3,16,0.00,0,,42
2012-8-30,88,72,56,60,57,54,93,62,31,30.09,30.04,29.99,10,10,10,15,4,18,0.00,0,,126
2012-8-31,86,79,71,72,70,63,93,79,65,30.16,30.08,30.02,10,10,10,14,6,18,T,1,Rain,179
2012-9-1,84,79,74,73,72,71,93,81,69,30.07,30.00,29.90,10,10,6,15,8,20,0.02,3,Rain,153
2012-9-2,76,74,72,73,72,70,100,91,82,29.92,29.82,29.76,10,5,1,17,9,24,2.00,8,Rain,134
2012-9-3,82,76,70,73,72,70,100,87,74,29.90,29.84,29.78,10,5,0,9,4,12,0.01,6,Fog-Rain,68
2012-9-4,89,79,69,73,71,68,100,78,55,29.92,29.88,29.83,10,5,0,9,1,16,0.00,4,Fog,13
2012-9-5,85,74,63,72,67,64,100,83,65,29.94,29.87,29.81,10,6,0,17,3,26,0.92,3,Fog-Rain-Thunderstorm,236
2012-9-6,86,74,62,70,67,62,100,81,61,29.98,29.92,29.86,10,5,0,10,2,14,0.00,2,Fog,220
2012-9-7,89,77,65,70,67,64,100,73,46,29.93,29.84,29.64,10,4,0,23,5,33,1.10,3,Fog-Rain-Thunderstorm,197
2012-9-8,72,64,56,67,58,48,100,72,44,29.94,29.81,29.71,10,9,2,22,6,31,0.17,6,Rain,313
2012-9-9,76,65,53,55,53,50,93,70,46,30.10,29.98,29.89,10,10,10,13,5,18,0.00,2,,318
2012-9-10,77,64,50,57,52,49,96,67,38,30.22,30.16,30.12,10,10,10,9,2,18,0.00,0,,49
2012-9-11,80,65,49,57,52,49,100,68,35,30.25,30.19,30.15,10,10,10,13,3,17,0.00,0,,166
2012-9-12,83,68,52,61,56,51,100,70,40,30.25,30.20,30.17,10,10,8,16,4,22,0.00,3,,184
2012-9-13,82,71,60,62,60,57,93,69,45,30.27,30.22,30.19,10,10,9,13,3,17,0.00,5,,182
2012-9-14,70,60,50,61,56,47,100,74,47,30.30,30.25,30.19,10,8,2,14,5,20,0.01,4,Rain,20
2012-9-15,74,60,46,55,49,45,100,69,38,30.33,30.26,30.16,10,10,2,13,2,18,0.00,0,,100
2012-9-16,78,64,50,59,52,47,100,68,36,30.15,30.09,30.01,10,10,9,9,2,14,0.00,3,,134
2012-9-17,69,63,56,66,63,55,93,87,81,30.01,29.85,29.74,10,6,1,10,3,13,1.13,8,Rain,165
2012-9-18,66,55,44,65,54,36,93,65,36,30.05,29.80,29.68,10,8,3,17,6,24,T,6,Rain,308
2012-9-19,69,54,39,41,39,36,93,62,30,30.17,30.10,30.04,10,10,10,13,4,17,0.00,0,,202
2012-9-20,66,58,50,57,49,41,93,75,56,30.04,29.98,29.94,10,10,7,18,6,25,0.04,3,Rain,222
2012-9-21,72,58,44,59,52,44,100,76,52,29.99,29.88,29.70,10,6,0,18,4,28,0.63,4,Fog-Rain-Thunderstorm,166
2012-9-22,67,53,39,59,50,32,100,66,32,30.18,29.92,29.76,10,7,0,21,7,31,0.00,4,Fog-Rain,285
2012-9-23,63,49,35,42,38,35,100,70,39,30.27,30.23,30.18,10,10,10,13,2,17,0.00,1,,300
2012-9-24,68,52,35,42,37,32,92,60,28,30.27,30.18,30.04,10,10,10,14,5,17,0.00,0,,212
2012-9-25,71,63,54,63,56,39,97,72,47,30.03,29.97,29.90,10,8,2,21,9,32,0.50,5,Rain-Thunderstorm,199
2012-9-26,70,65,60,66,62,58,100,92,84,30.10,30.03,29.91,10,6,0,32,7,44,0.71,6,Fog-Rain-Thunderstorm,218
2012-9-27,73,67,60,64,63,60,100,82,64,30.15,30.10,30.05,10,4,0,8,2,12,0.13,7,Fog-Rain-Thunderstorm,254
2012-9-28,72,62,51,61,57,46,100,71,41,30.12,30.08,30.03,10,4,0,9,2,14,0.01,4,Fog-Rain,341
2012-9-29,74,61,48,57,52,48,100,71,41,30.10,30.05,29.96,10,6,0,8,3,13,0.00,3,Fog,9
2012-9-30,72,60,48,50,47,42,93,64,35,29.95,29.89,29.85,10,10,7,12,5,15,0.00,0,,15
2012-10-1,61,56,51,54,50,44,93,78,62,29.88,29.76,29.68,10,7,2,18,8,25,0.73,5,Rain,44
2012-10-2,60,57,53,58,55,52,100,95,90,29.88,29.75,29.66,10,4,2,20,7,26,0.19,8,Rain,53
2012-10-3,72,64,55,55,53,50,100,75,49,30.10,29.99,29.88,10,9,3,16,7,21,0.00,5,,204
2012-10-4,77,64,51,57,54,49,93,72,50,30.19,30.14,30.11,10,10,10,16,7,22,0.00,2,,213
2012-10-5,62,51,40,56,45,38,96,79,62,30.17,30.09,30.04,10,7,2,16,6,24,1.52,6,Rain-Thunderstorm,352
2012-10-6,53,44,35,40,36,33,100,75,50,30.20,30.14,30.10,10,10,10,12,4,15,0.00,3,,297
2012-10-7,52,43,34,37,33,29,92,67,42,30.21,30.18,30.15,10,10,10,13,3,16,0.00,5,,289
2012-10-8,56,43,30,36,31,28,100,68,35,30.26,30.20,30.13,10,7,0,10,2,14,0.00,1,Fog,220
2012-10-9,63,48,32,40,37,31,96,68,39,30.14,30.05,29.96,10,10,7,17,5,23,0.00,0,,204
2012-10-10,54,44,33,45,35,24,89,62,35,30.26,30.10,29.93,10,10,9,16,7,23,T,3,Rain,293
2012-10-11,60,45,29,38,32,27,92,64,36,30.30,30.25,30.17,10,10,10,13,4,17,0.00,0,,211
2012-10-12,62,50,38,42,39,37,92,69,46,30.36,30.28,30.19,10,10,10,15,4,21,0.00,0,,54
2012-10-13,72,59,45,63,53,38,83,75,67,30.28,30.12,29.96,10,10,9,16,9,23,0.00,4,,175
2012-10-14,73,63,53,62,59,51,86,70,53,29.92,29.78,29.67,10,10,6,33,17,46,0.03,6,Rain,214
2012-10-15,62,52,42,52,42,35,92,64,36,29.98,29.91,29.84,10,10,6,17,6,26,0.00,2,Rain,288
2012-10-16,69,52,35,48,42,35,100,70,40,29.99,29.88,29.75,10,10,9,16,6,22,0.00,0,,161
2012-10-17,70,61,52,55,49,46,77,63,49,29.74,29.63,29.45,10,10,4,23,12,35,0.47,4,Rain-Thunderstorm,187
2012-10-18,62,55,48,55,45,28,93,61,29,29.64,29.55,29.46,10,8,2,28,12,45,0.39,5,Rain,224
2012-10-19,54,50,46,45,43,34,93,70,46,29.73,29.62,29.53,10,9,2,17,8,23,0.26,8,Rain,238
2012-10-20,53,47,40,46,44,39,96,84,71,30.00,29.85,29.73,10,10,4,14,6,16,0.01,7,Rain,250
2012-10-21,71,54,37,49,44,36,96,70,44,30.08,30.03,29.98,10,9,3,14,6,18,0.00,0,,145
2012-10-22,77,68,59,59,52,48,70,57,43,30.06,30.02,29.96,10,10,10,17,8,23,T,4,,187
2012-10-23,77,70,63,56,51,48,63,55,46,30.03,29.99,29.96,10,10,9,17,8,25,T,5,Rain,210
2012-10-24,79,69,58,59,53,49,75,57,39,30.07,30.01,29.97,10,10,7,15,7,18,0.00,1,,191
2012-10-25,78,66,53,57,54,51,86,66,45,29.99,29.93,29.88,10,10,10,20,9,28,0.00,1,,173
2012-10-26,57,48,39,52,41,35,93,82,71,30.22,30.14,29.97,10,9,4,16,9,23,0.17,8,Rain,347
2012-10-27,54,44,34,36,33,30,85,65,44,30.19,30.16,30.12,10,10,10,20,11,24,0.00,0,,3
2012-10-28,51,43,34,34,31,27,96,70,44,30.16,30.14,30.10,10,10,10,20,10,25,0.00,2,,4
2012-10-29,55,45,35,32,27,21,76,52,28,30.14,30.07,29.91,10,10,10,28,13,38,0.00,0,,346
2012-10-30,44,42,39,34,30,28,70,64,57,29.88,29.75,29.70,10,10,9,20,10,30,0.02,5,Rain,312
2012-10-31,48,41,33,31,28,25,75,62,49,29.88,29.81,29.75,10,10,10,17,9,25,0.00,3,,294
2012-11-1,55,43,30,31,23,15,72,47,22,29.95,29.89,29.85,10,10,10,16,7,22,0.00,3,,272
2012-11-2,55,43,31,33,31,28,82,62,41,30.10,29.99,29.83,10,10,5,12,4,15,0.00,0,,355
2012-11-3,41,38,34,38,35,29,92,84,75,30.16,30.12,30.07,10,10,6,13,6,16,0.18,6,Rain,60
2012-11-4,49,38,27,34,30,26,96,73,50,30.22,30.18,30.15,10,8,3,14,4,18,0.00,0,,4
2012-11-5,50,37,23,30,26,21,96,71,45,30.18,30.14,30.09,10,8,3,9,2,13,0.00,0,,69
2012-11-6,51,38,25,39,31,23,92,69,46,30.09,30.00,29.91,10,8,4,7,2,10,0.03,5,Rain,181
2012-11-7,47,40,32,39,38,31,100,86,71,30.16,29.98,29.88,10,4,1,8,2,10,0.05,7,Rain,43
2012-11-8,49,38,27,37,32,26,100,81,61,30.26,30.20,30.14,10,3,0,9,1,12,0.00,3,Fog,278
2012-11-9,62,45,28,41,33,27,100,72,43,30.22,30.14,30.06,10,5,0,17,7,21,0.00,1,Fog,154
2012-11-10,73,61,48,47,42,39,71,53,35,30.15,30.10,30.05,10,10,10,21,10,28,0.00,0,,185
2012-11-11,67,60,53,53,44,41,64,54,44,30.15,30.05,29.95,10,10,8,25,13,35,0.09,2,Rain,178
2012-11-12,57,43,28,54,38,21,96,72,48,30.41,30.13,29.96,10,6,0,21,8,29,0.77,6,Fog-Rain-Snow,267
2012-11-13,43,34,24,24,22,21,85,64,43,30.53,30.48,30.41,10,10,10,8,2,14,0.00,0,,351
2012-11-14,44,34,24,27,24,20,92,71,49,30.53,30.46,30.39,10,10,8,13,3,16,0.00,0,,84
2012-11-15,47,35,22,30,25,20,96,73,49,30.40,30.37,30.33,10,6,2,7,1,9,0.00,0,,39
2012-11-16,53,38,22,32,26,20,96,67,38,30.49,30.44,30.38,10,6,2,10,2,13,0.00,0,,44
2012-11-17,57,40,23,34,27,22,92,61,30,30.56,30.48,30.44,10,6,2,10,2,13,0.00,0,,93
2012-11-18,61,44,27,32,28,24,92,60,27,30.44,30.40,30.34,10,10,10,8,1,9,0.00,0,,128
2012-11-19,60,45,30,39,33,27,85,61,36,30.35,30.28,30.17,10,10,7,8,0,10,0.00,2,,120
2012-11-20,59,49,39,43,40,35,85,68,51,30.16,30.11,30.06,10,10,8,9,2,13,0.00,7,,259
2012-11-21,63,49,35,46,41,34,100,74,48,30.25,30.20,30.14,10,4,0,8,2,9,0.00,1,Fog,7
2012-11-22,64,47,30,47,36,28,100,70,39,30.20,30.13,29.99,10,6,0,26,7,36,0.08,1,Fog-Rain,189
2012-11-23,53,41,28,51,34,17,93,72,51,30.24,30.08,29.96,10,9,4,24,11,36,0.16,5,Rain,287
2012-11-24,31,26,21,20,18,15,81,72,63,30.30,30.23,30.11,10,10,9,9,4,14,0.00,4,,270
2012-11-25,48,37,26,30,25,21,82,62,42,30.10,30.00,29.91,10,10,9,20,7,28,0.00,0,,226
2012-11-26,48,36,24,30,27,22,92,66,39,30.27,30.16,30.06,10,9,3,17,5,21,0.00,4,,18
2012-11-27,41,32,23,29,25,20,92,71,50,30.40,30.32,30.26,10,9,4,13,4,16,0.00,3,,6
2012-11-28,45,34,22,25,21,19,88,64,40,30.45,30.39,30.33,10,8,4,8,1,13,0.00,0,,265
2012-11-29,51,36,20,29,26,19,92,67,41,30.39,30.29,30.18,10,9,4,16,6,21,0.00,0,,190
2012-11-30,58,48,38,38,32,26,79,61,42,30.19,30.16,30.11,10,10,7,21,9,28,0.00,1,,209
2012-12-1,66,55,44,46,42,39,82,65,48,30.21,30.16,30.08,10,9,8,18,7,25,0.00,7,,168
2012-12-2,63,60,56,59,54,47,97,76,55,30.10,30.05,29.99,10,8,4,23,11,31,0.16,8,Rain,216
2012-12-3,71,66,61,59,56,49,97,79,60,30.11,30.06,30.00,10,10,6,23,11,29,0.03,5,Rain,203
2012-12-4,65,51,37,58,49,37,93,75,56,30.24,30.07,30.00,10,8,1,22,8,30,0.09,7,Rain,250
2012-12-5,51,41,31,35,32,28,100,73,46,30.38,30.30,30.24,10,10,8,9,4,13,0.00,0,,57
2012-12-6,50,40,29,43,34,26,89,71,52,30.22,30.07,29.97,10,10,8,10,6,13,0.00,4,,146
2012-12-7,54,51,47,52,49,44,100,93,86,29.96,29.88,29.81,9,2,0,10,3,14,0.10,8,Fog-Rain,139
2012-12-8,52,49,46,52,46,39,100,91,86,30.01,29.91,29.83,10,6,2,10,4,13,T,8,Rain,338
2012-12-9,59,52,44,56,51,42,100,93,86,30.01,29.80,29.69,10,5,0,16,7,25,0.33,8,Fog-Rain,176
2012-12-10,48,39,29,45,32,25,96,87,78,29.99,29.81,29.74,10,8,2,16,9,23,0.00,8,,299
2012-12-11,37,31,24,25,22,19,85,69,52,30.25,30.12,29.99,10,10,9,13,6,18,0.00,4,,259
2012-12-12,45,33,20,26,22,17,91,68,45,30.39,30.34,30.26,10,9,5,9,2,12,0.00,0,,141
2012-12-13,50,35,20,28,22,18,88,60,32,30.42,30.34,30.25,10,10,8,13,4,15,0.00,0,,172
2012-12-14,54,39,23,29,24,20,81,57,32,30.29,30.21,30.12,10,10,8,15,5,20,0.00,0,,192
2012-12-15,56,48,39,52,41,27,89,71,53,30.11,29.88,29.74,10,9,3,22,10,30,0.13,7,Rain,176
2012-12-16,57,46,34,52,45,34,100,86,71,29.74,29.71,29.67,10,8,0,22,8,30,0.00,4,Fog,233
2012-12-17,46,40,34,45,39,33,100,95,89,29.73,29.67,29.57,10,2,0,14,5,17,0.18,8,Fog-Rain,360
2012-12-18,48,42,36,38,34,33,92,76,60,29.87,29.78,29.69,10,7,2,17,8,24,0.01,6,Rain,245
2012-12-19,46,39,32,37,33,28,89,77,65,30.05,29.96,29.83,10,8,5,18,8,25,0.06,4,Rain,109
2012-12-20,57,43,28,50,36,25,92,79,66,29.75,29.44,29.23,10,5,0,35,19,54,0.44,8,Fog-Rain-Snow-Thunderstorm,219
2012-12-21,29,26,22,25,19,15,85,74,63,30.21,29.86,29.60,10,5,0,25,14,39,0.02,7,Fog-Snow,285
2012-12-22,33,22,10,18,15,7,88,68,47,30.30,30.20,30.05,10,10,7,12,4,16,0.00,1,,226
2012-12-23,48,34,20,29,25,16,85,64,42,30.02,29.95,29.91,10,10,10,18,5,24,0.00,0,,241
2012-12-24,40,36,31,38,31,26,100,88,75,30.05,29.86,29.79,10,5,0,14,4,21,0.04,7,Fog-Rain,304
2012-12-25,34,32,30,29,27,23,92,79,66,30.21,30.11,29.99,10,6,2,20,9,26,0.00,8,,17
2012-12-26,33,31,29,29,27,23,92,81,69,30.02,29.75,29.65,10,3,0,28,16,38,0.48,8,Fog-Snow,16
2012-12-27,33,31,29,26,24,22,85,76,66,30.20,30.12,30.00,10,10,8,8,3,14,0.00,8,,301
2012-12-28,33,31,29,28,26,25,85,80,75,30.13,29.98,29.80,10,8,1,10,4,14,0.04,8,Snow,119
2012-12-29,32,28,23,28,25,16,92,80,68,30.29,29.94,29.77,10,3,0,18,9,29,0.20,8,Fog-Snow,308
2012-12-30,31,18,4,21,12,1,92,75,58,30.47,30.39,30.29,10,6,0,15,6,21,0.00,1,Fog,220
2012-12-31,36,31,25,31,28,21,92,78,64,30.28,30.13,30.06,10,4,0,18,7,28,0.12,7,Fog-Snow,228
2013-1-1,32,26,20,31,25,16,92,83,74,30.20,30.11,30.04,9,5,2,14,5,15,T,8,,353
2013-1-2,25,13,1,13,7,-2,92,71,50,30.29,30.24,30.19,10,8,4,6,1,7,0.00,0,,226
2013-1-3,33,18,3,23,14,-1,86,74,61,30.36,30.29,30.23,10,9,7,10,5,15,0.00,3,,253
2013-1-4,31,24,17,23,20,14,92,75,58,30.39,30.35,30.30,10,9,4,17,7,24,0.00,3,,258
2013-1-5,39,24,9,28,20,7,92,70,48,30.36,30.28,30.15,10,7,2,16,5,22,T,4,Snow,204
2013-1-6,37,30,22,31,25,19,82,73,64,30.39,30.18,30.05,10,8,5,18,8,28,0.00,7,,266
2013-1-7,37,24,10,24,16,7,100,83,59,30.47,30.38,30.24,10,5,0,13,1,17,0.00,0,Fog,156
2013-1-8,45,31,17,30,23,14,92,71,49,30.29,30.24,30.21,10,8,3,12,4,16,0.00,0,,165
2013-1-9,51,41,30,40,35,29,100,73,46,30.51,30.34,30.20,10,8,2,17,5,26,0.00,4,Rain,243
2013-1-10,47,38,29,45,36,27,96,80,64,30.50,30.26,30.01,10,6,2,17,8,24,0.14,6,Rain,120
2013-1-11,59,53,47,54,51,46,100,86,72,29.99,29.89,29.84,10,6,0,26,11,31,0.82,6,Fog-Rain,184
2013-1-12,66,61,55,61,55,47,93,80,67,29.99,29.87,29.67,10,7,1,21,8,28,1.16,6,Rain,199
2013-1-13,65,45,25,61,37,20,93,87,81,30.24,29.91,29.64,10,5,1,21,7,28,1.73,8,Rain,324
2013-1-14,26,22,18,19,16,12,88,81,74,30.46,30.38,30.26,10,9,7,12,6,15,0.00,5,,347
2013-1-15,34,27,19,24,19,15,84,70,56,30.39,30.27,30.09,10,8,5,13,7,17,0.00,3,,42
2013-1-16,35,32,29,25,22,19,85,71,56,30.11,30.07,30.01,10,9,6,13,5,16,0.00,5,,252
2013-1-17,43,34,24,31,24,18,85,68,50,30.43,30.24,30.11,10,10,9,18,6,24,0.00,2,,344
2013-1-18,42,30,18,24,19,14,92,67,41,30.52,30.40,30.20,10,10,9,20,7,25,0.00,0,,189
2013-1-19,54,46,38,36,28,21,65,53,41,30.19,30.06,29.92,10,10,10,26,15,35,0.00,0,,222
2013-1-20,45,35,24,36,14,6,76,54,32,30.28,30.19,29.99,10,10,10,22,8,32,0.00,2,,307
2013-1-21,24,18,12,16,7,-4,74,59,43,30.32,30.22,30.16,10,10,10,22,10,31,T,4,,291
2013-1-22,18,12,5,0,-3,-5,69,56,43,30.44,30.38,30.32,10,10,10,15,6,22,0.00,1,,282
2013-1-23,31,20,9,17,8,0,73,56,39,30.39,30.26,30.14,10,10,6,15,5,21,0.00,4,,236
2013-1-24,26,19,11,14,4,-5,73,50,27,30.60,30.44,30.22,10,10,2,17,8,24,T,2,Snow,30
2013-1-25,30,25,20,18,12,0,74,57,39,30.35,30.15,30.06,10,8,1,16,7,21,0.02,6,Snow,192
2013-1-26,35,26,17,18,15,12,84,61,38,30.43,30.32,30.17,10,10,5,10,4,14,0.00,0,,8
2013-1-27,40,31,21,38,24,15,92,72,52,30.40,30.26,30.07,10,6,2,15,9,21,0.19,5,Rain,139
2013-1-28,58,49,39,55,48,37,96,84,71,30.10,30.03,29.99,10,4,2,28,13,41,0.40,8,Rain,202
2013-1-29,67,62,56,57,54,51,86,79,72,30.00,29.82,29.43,10,8,4,28,16,38,0.00,7,,192
2013-1-30,68,48,27,57,42,20,96,82,68,29.70,29.42,29.29,10,7,2,39,14,63,0.99,8,Rain-Snow,260
2013-1-31,31,21,10,22,14,-2,81,67,53,30.19,29.94,29.73,10,6,0,28,15,38,0.01,7,Fog-Snow,284
2013-2-1,16,11,5,6,0,-3,76,65,53,30.47,30.34,30.18,10,9,2,22,8,29,T,5,Snow,264
2013-2-2,30,22,14,22,18,7,84,71,58,30.30,30.10,30.00,10,6,1,20,9,28,0.08,8,Snow,237
2013-2-3,27,19,11,21,15,8,92,80,67,30.15,30.05,29.97,10,5,1,15,4,21,T,7,Snow,291
2013-2-4,40,26,12,29,23,11,92,72,52,30.12,29.89,29.80,10,7,1,21,6,25,0.01,5,Snow,219
2013-2-5,39,30,20,31,23,18,92,78,64,30.05,29.93,29.87,10,5,2,17,5,22,0.00,4,,248
2013-2-6,37,33,28,28,25,23,78,74,69,30.27,30.20,30.08,10,7,5,10,5,15,0.00,5,,119
2013-2-7,61,46,30,46,35,25,93,66,39,30.17,29.97,29.82,10,7,3,18,7,23,0.14,3,Rain,165
2013-2-8,46,39,31,40,28,22,93,78,63,30.37,30.14,29.87,10,10,10,15,8,24,T,8,Rain,330
2013-2-9,43,33,23,24,22,19,88,67,45,30.41,30.32,30.15,10,10,8,13,5,17,0.00,2,,124
2013-2-10,52,44,35,48,37,21,89,71,52,30.14,29.89,29.72,10,9,2,21,11,32,0.27,7,Rain,160
2013-2-11,53,45,36,48,31,25,89,71,53,30.09,29.91,29.72,10,10,10,26,14,41,0.00,4,,255
2013-2-12,45,35,24,29,25,20,82,66,49,30.15,30.06,29.92,10,9,4,14,4,17,0.00,1,,278
2013-2-13,44,37,30,29,25,23,85,63,41,29.91,29.86,29.81,10,8,5,15,5,22,0.00,4,,281
2013-2-14,52,42,31,36,32,25,89,70,50,30.03,29.89,29.84,10,9,6,18,10,26,0.00,4,,232
2013-2-15,39,30,21,28,22,13,85,66,47,30.19,30.11,30.00,10,10,7,17,5,24,T,5,,290
2013-2-16,29,24,19,16,12,7,84,63,42,30.17,30.14,30.10,10,10,10,20,6,28,0.00,4,,303
2013-2-17,36,24,12,14,9,4,80,56,32,30.26,30.20,30.15,10,10,10,9,2,14,0.00,1,,197
2013-2-18,58,43,27,43,30,13,86,61,36,30.13,29.88,29.62,10,10,5,32,15,44,0.39,4,Rain,179
2013-2-19,47,35,23,43,19,10,86,71,55,30.19,29.95,29.65,10,10,3,30,16,39,0.10,8,Rain-Snow,282
2013-2-20,28,21,14,13,9,6,73,58,42,30.35,30.27,30.18,10,10,10,13,6,18,0.00,2,,317
2013-2-21,33,24,15,27,20,12,88,71,54,30.35,30.19,29.96,10,7,0,23,10,32,0.30,5,Fog-Rain-Snow,91
2013-2-22,37,34,31,34,30,23,96,83,70,30.02,29.89,29.81,10,5,0,23,10,30,0.03,8,Fog-Rain,200
2013-2-23,38,31,23,23,20,18,75,64,52,30.02,29.99,29.94,10,10,9,13,5,17,0.00,1,,277
2013-2-24,45,33,20,25,21,17,88,64,40,30.15,30.10,30.00,10,8,4,7,1,10,0.00,0,,5
2013-2-25,47,36,24,26,23,21,88,63,38,30.14,30.04,29.81,10,8,2,18,9,24,0.00,1,,93
2013-2-26,44,40,35,43,35,23,93,72,50,29.77,29.48,29.37,10,5,1,21,9,25,1.17,8,Rain,109
2013-2-27,40,36,32,37,30,27,92,87,82,29.75,29.67,29.52,10,4,1,22,11,31,0.05,8,Snow,251
2013-2-28,37,35,32,32,30,27,96,86,76,30.01,29.88,29.73,10,7,1,15,8,21,0.01,8,Rain-Snow,295
2013-3-1,36,34,31,29,28,26,85,80,75,30.07,30.01,29.96,10,4,1,13,5,15,0.03,8,Snow,342
2013-3-2,32,30,27,27,22,19,85,72,59,30.14,30.09,30.03,10,9,2,20,8,23,T,8,Snow,351
2013-3-3,37,28,19,22,18,13,84,63,41,30.15,30.11,30.07,10,9,2,10,4,14,T,3,Snow,291
2013-3-4,40,30,19,24,19,15,84,64,44,30.13,30.05,29.93,10,10,9,17,7,22,T,4,Rain,123
2013-3-5,40,35,29,37,29,24,100,80,59,29.91,29.75,29.65,10,3,0,26,10,44,0.26,8,Fog-Rain-Snow,280
2013-3-6,32,31,29,27,26,25,92,85,78,30.31,30.03,29.78,10,5,1,22,9,33,0.04,8,Snow,314
2013-3-7,36,32,28,27,25,22,85,71,56,30.40,30.36,30.27,10,9,6,8,2,12,0.00,8,,342
2013-3-8,47,35,23,27,24,21,88,65,42,30.48,30.41,30.35,10,9,5,12,3,14,0.00,1,,90
2013-3-9,56,45,33,32,29,23,75,57,38,30.32,30.16,29.96,10,10,10,16,10,24,T,2,,141
2013-3-10,60,52,50,37,34,32,54,48,42,29.94,29.92,29.89,10,10,10,14,8,26,0.00,1,,167
